market,run_id,order_month,eligible_orders,late_orders,late_rate
Africa,Africa | 2016-08 to 2017-01,2016-08-01,157,88,0.5605095541401274
Africa,Africa | 2016-08 to 2017-01,2016-09-01,836,460,0.5502392344497608
Africa,Africa | 2016-08 to 2017-01,2016-10-01,752,413,0.5492021276595744
Africa,Africa | 2016-08 to 2017-01,2016-11-01,761,437,0.5742444152431012
Africa,Africa | 2016-08 to 2017-01,2016-12-01,788,482,0.6116751269035533
Africa,Africa | 2016-08 to 2017-01,2017-01-01,395,206,0.5215189873417722
Europe,Europe | 2017-06 to 2017-11,2017-06-01,699,403,0.5765379113018598
Europe,Europe | 2017-06 to 2017-11,2017-07-01,1693,966,0.570584760779681
Europe,Europe | 2017-06 to 2017-11,2017-08-01,1695,981,0.5787610619469027
Europe,Europe | 2017-06 to 2017-11,2017-09-01,1640,941,0.573780487804878
Europe,Europe | 2017-06 to 2017-11,2017-10-01,2019,1137,0.563150074294205
Europe,Europe | 2017-06 to 2017-11,2017-11-01,644,380,0.5900621118012422
LATAM,LATAM | 2017-01 to 2017-06,2017-01-01,719,403,0.5605006954102921
LATAM,LATAM | 2017-01 to 2017-06,2017-02-01,1538,879,0.5715214564369311
LATAM,LATAM | 2017-01 to 2017-06,2017-03-01,1710,984,0.5754385964912281
LATAM,LATAM | 2017-01 to 2017-06,2017-04-01,1666,917,0.5504201680672269
LATAM,LATAM | 2017-01 to 2017-06,2017-05-01,1672,965,0.5771531100478469
LATAM,LATAM | 2017-01 to 2017-06,2017-06-01,906,508,0.5607064017660044
Pacific Asia,Pacific Asia | 2015-10 to 2016-03,2015-10-01,438,245,0.5593607305936074
Pacific Asia,Pacific Asia | 2015-10 to 2016-03,2015-11-01,1658,941,0.5675512665862484
Pacific Asia,Pacific Asia | 2015-10 to 2016-03,2015-12-01,1731,988,0.5707683419988446
Pacific Asia,Pacific Asia | 2015-10 to 2016-03,2016-01-01,1703,998,0.5860246623605402
Pacific Asia,Pacific Asia | 2015-10 to 2016-03,2016-02-01,1574,893,0.5673443456162643
Pacific Asia,Pacific Asia | 2015-10 to 2016-03,2016-03-01,1700,987,0.5805882352941176
Pacific Asia,Pacific Asia | 2016-08 to 2017-01,2016-08-01,140,80,0.5714285714285714
Pacific Asia,Pacific Asia | 2016-08 to 2017-01,2016-09-01,496,281,0.5665322580645161
Pacific Asia,Pacific Asia | 2016-08 to 2017-01,2016-10-01,595,362,0.6084033613445378
Pacific Asia,Pacific Asia | 2016-08 to 2017-01,2016-11-01,503,285,0.5666003976143141
Pacific Asia,Pacific Asia | 2016-08 to 2017-01,2016-12-01,538,309,0.5743494423791822
Pacific Asia,Pacific Asia | 2016-08 to 2017-01,2017-01-01,350,203,0.58
