shipping_mode,duration_gap_days,eligible_orders,late_orders,within_mode_share
First Class,1,9602,9602,1.0
Same Day,0,1759,0,0.5162899911945994
Same Day,1,1648,1648,0.48371000880540066
Second Class,0,2453,0,0.20014686684073107
Second Class,1,2422,2422,0.19761749347258487
Second Class,2,2473,2473,0.20177872062663185
Second Class,3,2452,2452,0.20006527415143602
Second Class,4,2456,2456,0.2003916449086162
Standard Class,-2,7610,0,0.2022215136054422
Standard Class,-1,7517,0,0.199750212585034
Standard Class,0,7510,0,0.1995642006802721
Standard Class,1,7458,7458,0.1981823979591837
Standard Class,2,7537,7537,0.20028167517006804
