region,eligible_orders,late_orders,late_rate,late_rate_ci_low,late_rate_ci_high,late_order_share,pp_vs_filtered_overall,low_volume
Canada,291,153,0.5257731958762887,0.4680652128423269,0.5828095863124355,0.004244340878828229,-4.7354298280825375,False
Caribbean,2675,1487,0.5558878504672897,0.5369785858798573,0.574636828692541,0.04125055481580115,-1.7239643689824335,False
Central Africa,533,320,0.600375234521576,0.5580671370738494,0.6412468284217593,0.00887705281846427,2.724774036446198,False
Central America,9001,5156,0.5728252416398179,0.5625749348235968,0.5830134140657456,0.14303151353750554,-0.030225251729620872,False
Central Asia,180,102,0.5666666666666667,0.49286858811223067,0.6376786788315542,0.002829560585885486,-0.6460827490447407,False
East Africa,589,348,0.5908319185059423,0.5505313926576598,0.6299553098291215,0.009653794940079893,1.770442434882824,False
East of USA,2219,1276,0.5750337990085624,0.5543356584596388,0.59547259650096,0.035397248113626274,0.19063048514483816,False
Eastern Asia,3171,1818,0.5733207190160833,0.5560170701238183,0.5904469363569103,0.05043275632490013,0.019322485896922093,False
Eastern Europe,1246,723,0.5802568218298555,0.5526064816255075,0.6074138142196254,0.02005659121171771,0.7129327672741437,False
North Africa,1013,578,0.5705824284304047,0.5398326783520535,0.6007988810316951,0.016034176653351086,-0.2545065726709317,False
Northern Europe,3564,1996,0.5600448933782267,0.543683596338915,0.5762768909584859,0.055370616955170884,-1.3082600778887343,False
Oceania,4175,2382,0.5705389221556886,0.5554589706768444,0.5854891858407328,0.0660785619174434,-0.2588572001425482,False
South America,4738,2696,0.5690164626424652,0.5548596541896064,0.5830614479137634,0.07478916999556147,-0.41110315146488663,False
South Asia,3219,1865,0.5793724759242,0.5622240326650649,0.5963317034855384,0.051736573457612074,0.6244981767085989,False
South of  USA,1280,753,0.58828125,0.5610548045030705,0.6149793922797613,0.020888814913448735,1.5153755842885919,False
Southeast Asia,4173,2421,0.5801581595974119,0.5651101826869136,0.5950586929085915,0.06716045272969375,0.7030665440297845,False
Southern Africa,380,214,0.5631578947368421,0.5126524281228572,0.6123992016502114,0.00593652907234798,-0.996959942027198,False
Southern Europe,3390,1895,0.5589970501474927,0.5422163943101934,0.5756441495170348,0.052568797159343095,-1.413044400962138,False
US Center,1852,1071,0.57829373650108,0.5556401871620674,0.6006231609928351,0.029710386151797604,0.5166242343965899,False
West Africa,1174,626,0.5332197614991482,0.5045732202549352,0.5616496142495463,0.017365734576120728,-3.9907732657965878,False
West Asia,1935,1132,0.5850129198966408,0.5628901401164593,0.6067988246533137,0.031402574345317354,1.1885425739526778,False
West of USA,2536,1451,0.5721608832807571,0.5527951338917012,0.5913083489177897,0.04025188637372392,-0.09666108763569659,False
Western Europe,9563,5585,0.584021750496706,0.5741092312367496,0.5938667937571981,0.15493231247225922,1.0894256339591957,False
