market,shipping_mode,eligible_orders,late_orders,late_rate,late_rate_ci_low,late_rate_ci_high,late_order_share,pp_vs_filtered_overall,low_volume
Africa,First Class,536,536,1.0,0.9928713711994265,1.0,0.014869063470927653,42.68725058428859,False
Africa,Same Day,223,105,0.47085201793721976,0.4058308909715458,0.5368603610262834,0.0029127829560585887,-10.22754762198943,False
Africa,Second Class,685,551,0.8043795620437956,0.77292765718586,0.8324366028485309,0.015285175321793165,23.12520678866815,False
Africa,Standard Class,2245,894,0.39821826280623607,0.37814161226579407,0.41864263937297935,0.024800266311584555,-17.490923135087797,False
Europe,First Class,2753,2753,1.0,0.998606086538938,1.0,0.07637039502885042,42.68725058428859,False
Europe,Same Day,949,457,0.4815595363540569,0.4498438741395237,0.5134238870646135,0.012677541056369285,-9.156795780305716,False
Europe,Second Class,3459,2773,0.8016767851980341,0.7880499172360801,0.8146343306043476,0.07692521083000443,22.854929104092005,False
Europe,Standard Class,10602,4216,0.39766081871345027,0.3883817766042899,0.4070139957702585,0.11695517088326675,-17.54666754436638,False
LATAM,First Class,2498,2498,1.0,0.9984639573775255,1.0,0.06929649356413671,42.68725058428859,False
LATAM,Same Day,870,442,0.5080459770114942,0.47479038838563115,0.54123082445416,0.012261429205503773,-6.508151714561983,False
LATAM,Second Class,3160,2510,0.7943037974683544,0.7798486809265388,0.8080442410826776,0.06962938304482912,22.11763033112404,False
LATAM,Standard Class,9886,3889,0.3933845842605705,0.38379641965080363,0.40305557299465106,0.10788393253439858,-17.974290989654357,False
Pacific Asia,First Class,2543,2543,1.0,0.9984911078826698,1.0,0.07054482911673325,42.68725058428859,False
Pacific Asia,Same Day,918,440,0.4793028322440087,0.44707246229084296,0.5117056989250637,0.012205947625388371,-9.382466191310534,False
Pacific Asia,Second Class,3338,2680,0.8028759736369083,0.7890275120101345,0.8160281212135748,0.07434531735463826,22.974847947979427,False
Pacific Asia,Standard Class,10054,4057,0.40352098667197134,0.39396797028749697,0.41314770080924457,0.11254438526409233,-16.960650748514272,False
USCA,First Class,1272,1272,1.0,0.9969868066888042,1.0,0.035286284953395475,42.68725058428859,False
USCA,Same Day,447,204,0.4563758389261745,0.41057123545138463,0.5029238541483703,0.005659121171770972,-11.675165523093955,False
USCA,Second Class,1614,1289,0.798636926889715,0.7783508085004048,0.8175048575440887,0.035757878384376385,22.550943273260092,False
USCA,Standard Class,4845,1939,0.4002063983488132,0.3864895200865394,0.4140813980982783,0.05378939192188194,-17.292109580830083,False
