market,order_year,eligible_orders,late_orders,late_rate,late_rate_ci_low,late_rate_ci_high,late_order_share,pp_vs_filtered_overall,low_volume
Africa,2016,3294,1880,0.5707346690953249,0.5537489747190492,0.5875555742772636,0.05215268530847759,-0.23928250617891722,False
Africa,2017,395,206,0.5215189873417722,0.4720487279667481,0.5705747245957465,0.0057146027518863735,-5.160850681534191,False
Europe,2015,7965,4574,0.5742623979912116,0.5633677509912561,0.5850854471446586,0.12688637372392367,0.11349038340975337,False
Europe,2016,1225,707,0.5771428571428572,0.5492364205629083,0.6045669839717835,0.019612738570794496,0.40153629857431206,False
Europe,2017,8573,4918,0.5736614953925113,0.5631598946616766,0.5840971120189226,0.13642920550377274,0.05340012353972634,False
LATAM,2015,8203,4683,0.5708886992563696,0.5601446533153399,0.5815663820245728,0.12991011984021306,-0.2238794900744412,False
LATAM,2017,8211,4656,0.567044208987943,0.556295637135718,0.5777300778484467,0.12916111850865514,-0.6083285169171004,False
Pacific Asia,2015,3827,2174,0.5680689835380194,0.5523068322155646,0.583694619580456,0.06030847758544163,-0.505851061909468,False
Pacific Asia,2016,7296,4224,0.5789473684210527,0.5675766991357435,0.5902349473909071,0.11717709720372836,0.5819874263938596,False
Pacific Asia,2017,3693,2127,0.5759545085296507,0.559936472176649,0.5918146933112433,0.059004660452729694,0.2827014372536629,False
Pacific Asia,2018,2037,1195,0.586647029945999,0.5650986914383743,0.6078691784930715,0.03315024411895251,1.3519535788884984,False
USCA,2016,8140,4686,0.5756756756756757,0.5649031464861985,0.5863768122690897,0.12999334221038616,0.2548181518561621,False
USCA,2017,38,18,0.47368421052631576,0.3173262846244894,0.6348742347558043,0.0004993342210386152,-9.94432836307983,True
