region,shipping_mode,eligible_orders,late_orders,late_rate,late_rate_ci_low,late_rate_ci_high,late_order_share,pp_vs_filtered_overall,low_volume
Canada,First Class,53,53,1.0,0.931214840016236,1.0,0.0014702618730581447,42.68725058428859,True
Canada,Same Day,11,3,0.2727272727272727,0.059640441157706,0.603465452918672,8.322237017310254e-05,-30.040022142984135,True
Canada,Second Class,51,39,0.7647058823529411,0.628170191268322,0.8641580687853967,0.0010818908122503328,19.157838819582707,True
Canada,Standard Class,176,58,0.32954545454545453,0.2636450459870559,0.402727767081474,0.0016089658233466489,-24.35820396116595,False
Caribbean,First Class,392,392,1.0,0.9902717438541551,1.0,0.01087438970261873,42.68725058428859,False
Caribbean,Same Day,147,79,0.5374149659863946,0.45585540801336316,0.6170688403066942,0.002191522414558367,-3.571252817071946,False
Caribbean,Second Class,513,420,0.8187134502923976,0.7829220135306847,0.8497671688467006,0.011651131824234355,24.558595613528354,False
Caribbean,Standard Class,1623,596,0.3672211953173136,0.3440806911001559,0.39098876040470426,0.016533510874389704,-20.590629883980043,False
Central Africa,First Class,89,89,1.0,0.9581816929330612,1.0,0.002468930315135375,42.68725058428859,True
Central Africa,Same Day,29,8,0.27586206896551724,0.1370348449702314,0.4671240302193075,0.00022192632046160674,-29.726542519159683,True
Central Africa,Second Class,97,82,0.845360824742268,0.7590128698652254,0.9053963997302539,0.002274744784731469,27.223333058515397,True
Central Africa,Standard Class,318,141,0.44339622641509435,0.3894662339984604,0.4986774497521887,0.003911451398135819,-12.97312677420197,False
Central America,First Class,1382,1382,1.0,0.9972261427096368,1.0,0.03833777185974257,42.68725058428859,False
Central America,Same Day,470,234,0.4978723404255319,0.4526867968679942,0.5430923820899263,0.006491344873501998,-7.525515373158215,False
Central America,Second Class,1748,1377,0.7877574370709383,0.7679474564405597,0.8063054218291554,0.038199067909454064,21.46299429138242,False
Central America,Standard Class,5401,2163,0.40048139233475283,0.3874841020993178,0.41362014708349576,0.060003328894806925,-17.264610182236122,False
Central Asia,First Class,19,19,1.0,0.823711121244217,1.0,0.000527075011096316,42.68725058428859,True
Central Asia,Same Day,16,3,0.1875,0.04523210150087384,0.45077269883314897,8.322237017310254e-05,-38.56274941571141,True
Central Asia,Second Class,42,36,0.8571428571428571,0.7168643436031288,0.9375650914927969,0.0009986684420772304,28.401536298574303,True
Central Asia,Standard Class,103,44,0.42718446601941745,0.33423426538326073,0.5253707964946978,0.0012205947625388372,-14.59430281376966,False
East Africa,First Class,94,94,1.0,0.9603408134916795,1.0,0.0026076342654238792,42.68725058428859,True
East Africa,Same Day,35,15,0.42857142857142855,0.27151876997024754,0.59975280036181,0.00041611185086551264,-14.455606558568551,True
East Africa,Second Class,114,93,0.8157894736842105,0.7335686507553142,0.8774217487233121,0.0025798934753661785,24.266197952709646,False
East Africa,Standard Class,346,146,0.42196531791907516,0.37077647909219225,0.47486788741018726,0.004050155348424323,-15.116217623803891,False
East of USA,First Class,342,342,1.0,0.9888613243468004,1.0,0.009487350199733688,42.68725058428859,False
East of USA,Same Day,132,65,0.49242424242424243,0.4073515074751725,0.5779254468702609,0.001803151353750555,-8.070325173287163,False
East of USA,Second Class,413,325,0.7869249394673123,0.7446997811130311,0.8238617066778136,0.009015756768752775,21.379744531019828,False
East of USA,Standard Class,1332,544,0.4084084084084084,0.38227349495263657,0.43507009893805776,0.015090989791389259,-16.471908574870564,False
Eastern Asia,First Class,469,469,1.0,0.9918591976054087,1.0,0.013010430537061695,42.68725058428859,False
Eastern Asia,Same Day,172,86,0.5,0.4252770736135616,0.5747229263864384,0.0023857079449622724,-7.312749415711406,False
Eastern Asia,Second Class,597,492,0.8241206030150754,0.791438041038383,0.8526586575476083,0.013648468708388815,25.099310885796132,False
Eastern Asia,Standard Class,1933,771,0.3988618727366787,0.3772327075867501,0.4208922250352145,0.02138814913448735,-17.426562142043533,False
Eastern Europe,First Class,202,202,1.0,0.9812494713011601,1.0,0.0056036395916555706,42.68725058428859,False
Eastern Europe,Same Day,54,20,0.37037037037037035,0.24987288479497063,0.5080861935989656,0.0005548158011540169,-20.27571237867437,True
Eastern Europe,Second Class,256,201,0.78515625,0.7304500582413891,0.8314310236407312,0.00557589880159787,21.202875584288595,False
Eastern Europe,Standard Class,734,300,0.4087193460490463,0.37362748381438476,0.44476168583979164,0.008322237017310254,-16.440814810806774,False
North Africa,First Class,150,150,1.0,0.9748708960141561,1.0,0.004161118508655127,42.68725058428859,False
North Africa,Same Day,65,35,0.5384615384615384,0.41510354834467555,0.6575271030920277,0.0009709276520195295,-3.4665955695575623,True
North Africa,Second Class,195,159,0.8153846153846154,0.7544891256617684,0.864094145299423,0.004410785619174434,24.22571212275013,False
North Africa,Standard Class,603,234,0.3880597014925373,0.3498668646542004,0.4276697587295209,0.006491344873501998,-18.506779266457674,False
Northern Europe,First Class,528,528,1.0,0.9927639464389378,1.0,0.014647137150466045,42.68725058428859,False
Northern Europe,Same Day,200,82,0.41,0.34351121021508707,0.4798809485328209,0.002274744784731469,-16.31274941571141,False
Northern Europe,Second Class,687,545,0.7933042212518195,0.7613491846260738,0.821997392008085,0.01511873058144696,22.01767270947055,False
Northern Europe,Standard Class,2149,841,0.3913448115402513,0.3709032138591675,0.4121741706427929,0.023330004438526408,-18.178268261686277,False
Oceania,First Class,566,566,1.0,0.9932473045567463,1.0,0.015701287172658677,42.68725058428859,False
Oceania,Same Day,266,127,0.4774436090225564,0.4177384731050644,0.5377909698039519,0.003523080337328007,-9.568388513455767,False
Oceania,Second Class,849,672,0.7915194346289752,0.7628498148186637,0.8175628690164821,0.018641810918774968,21.839194047186115,False
Oceania,Standard Class,2494,1017,0.4077786688051323,0.3886334427933755,0.42720755128749777,0.02821238348868176,-16.534882535198175,False
South America,First Class,724,724,1.0,0.9947151297649395,1.0,0.02008433200177541,42.68725058428859,False
South America,Same Day,253,129,0.5098814229249012,0.448134543955251,0.5713327181563951,0.0035785619174434086,-6.324607123221282,False
South America,Second Class,899,713,0.7931034482758621,0.7653473583161383,0.8183653133287547,0.019779183311140702,21.997595411874805,False
South America,Standard Class,2862,1130,0.39482879105520613,0.3770608089652476,0.41287872235560724,0.03134709276520195,-17.829870310190792,False
South Asia,First Class,523,523,1.0,0.9926951461900586,1.0,0.01450843320017754,42.68725058428859,False
South Asia,Same Day,171,90,0.5263157894736842,0.4508980915648749,0.6005771138052073,0.002496671105193076,-4.681170468342987,False
South Asia,Second Class,647,516,0.7975270479134466,0.7647572506110855,0.8267846599144192,0.014314247669773635,22.439955375633257,False
South Asia,Standard Class,1878,736,0.3919062832800852,0.37004697220980604,0.41420690417442946,0.020417221482467822,-18.122121087702887,False
South of  USA,First Class,187,187,1.0,0.9797680917740159,1.0,0.005187527740790058,42.68725058428859,False
South of  USA,Same Day,79,31,0.3924050632911392,0.2895997002185742,0.5051890415297383,0.0008599644917887261,-18.072243086597485,True
South of  USA,Second Class,271,226,0.8339483394833949,0.7847268956705836,0.873834592019976,0.006269418553040391,26.08208453262808,False
South of  USA,Standard Class,743,309,0.4158815612382234,0.380871965337374,0.45175650148959856,0.008571904127829561,-15.724593291889066,False
Southeast Asia,First Class,650,650,1.0,0.9941161177494947,1.0,0.01803151353750555,42.68725058428859,False
Southeast Asia,Same Day,197,88,0.4467005076142132,0.37828933329288067,0.5171505817360765,0.0024411895250776743,-12.642698654290086,False
Southeast Asia,Second Class,813,650,0.7995079950799509,0.7705423638836951,0.8256565615517265,0.01803151353750555,22.638050092283677,False
Southeast Asia,Standard Class,2513,1033,0.4110624751293275,0.39196060665431015,0.43043583455440676,0.02865623612960497,-16.20650190277866,False
Southern Africa,First Class,64,64,1.0,0.9425386378619303,1.0,0.001775410563692854,42.68725058428859,True
Southern Africa,Same Day,20,14,0.7,0.4638798263762831,0.871670110402589,0.0003883710608078118,12.68725058428859,True
Southern Africa,Second Class,51,39,0.7647058823529411,0.628170191268322,0.8641580687853967,0.0010818908122503328,19.157838819582707,True
Southern Africa,Standard Class,245,97,0.39591836734693875,0.3362664573790993,0.4587837716233407,0.002690856635596982,-17.72091268101753,False
Southern Europe,First Class,507,507,1.0,0.992465917645442,1.0,0.014064580559254327,42.68725058428859,False
Southern Europe,Same Day,197,106,0.5380710659898477,0.4677208707832707,0.6069649041960459,0.0029405237461162894,-3.5056428167266396,False
Southern Europe,Second Class,641,514,0.8018720748829953,0.7691647419749782,0.8309827744513966,0.014258766089658233,22.874458072588123,False
Southern Europe,Standard Class,2045,768,0.3755501222493888,0.35479352479248194,0.39677339230173836,0.02130492676431425,-19.757737190772527,False
US Center,First Class,314,314,1.0,0.9878770624572155,1.0,0.008710608078118064,42.68725058428859,False
US Center,Same Day,90,35,0.3888888888888889,0.292613976702607,0.49426060675613226,0.0009709276520195295,-18.423860526822516,True
US Center,Second Class,375,297,0.792,0.747851809472407,0.8302264206181725,0.00823901464713715,21.887250584288598,False
US Center,Standard Class,1073,425,0.3960857409133271,0.36719029856415425,0.42572257809624175,0.011789835774522858,-17.704175324378696,False
West Africa,First Class,139,139,1.0,0.9729222945016148,1.0,0.0038559698180204174,42.68725058428859,False
West Africa,Same Day,74,33,0.44594594594594594,0.33532753942093685,0.5618994637570508,0.0009154460719041278,-12.718154821116812,True
West Africa,Second Class,228,178,0.7807017543859649,0.7221380946685056,0.8299633312416679,0.00493786063027075,20.757426022885085,False
West Africa,Standard Class,733,276,0.3765347885402456,0.3420969545042116,0.41225997284663496,0.007656458055925432,-19.65927056168685,False
West Asia,First Class,316,316,1.0,0.9879530994629458,1.0,0.008766089658233467,42.68725058428859,False
West Asia,Same Day,96,46,0.4791666666666667,0.38003276453823104,0.5799037182891723,0.0012760763426542389,-9.396082749044737,True
West Asia,Second Class,390,314,0.8051282051282052,0.7627266477596222,0.8415774311269921,0.008710608078118064,23.20007109710911,False
West Asia,Standard Class,1133,456,0.4024713150926743,0.37424410605460656,0.4313576352565741,0.012649800266311585,-17.065617906443975,False
West of USA,First Class,376,376,1.0,0.9898609130103712,1.0,0.010430537061695517,42.68725058428859,False
West of USA,Same Day,135,70,0.5185185185185185,0.4337189951686532,0.6022933029047718,0.001941855304039059,-5.460897563859557,False
West of USA,Second Class,504,402,0.7976190476190477,0.7602186194995381,0.8305169236297251,0.01115179760319574,22.44915534619336,False
West of USA,Standard Class,1521,603,0.39644970414201186,0.37212622054363964,0.4212949261743808,0.01672769640479361,-17.66777900151022,False
Western Europe,First Class,1516,1516,1.0,0.9974708606815904,1.0,0.04205503772747448,42.68725058428859,False
Western Europe,Same Day,498,249,0.5,0.45608595688074965,0.5439140431192504,0.00690745672436751,-7.312749415711406,False
Western Europe,Second Class,1875,1513,0.8069333333333333,0.7884290441780116,0.8241825173757006,0.04197181535730138,23.380583917621923,False
Western Europe,Standard Class,5674,2307,0.40659146986253086,0.39387366944001473,0.419435665156981,0.06399800266311585,-16.65360242945832,False
