order_year,shipping_mode,sum,count,late_rate
2015,First Class,3045,3045,1.0
2015,Same Day,501,1066,0.4699812382739212
2015,Second Class,3121,3898,0.8006670087224218
2015,Standard Class,4764,11986,0.3974637076589354
2016,First Class,3090,3090,1.0
2016,Same Day,491,1086,0.4521178637200737
2016,Second Class,3116,3888,0.801440329218107
2016,Standard Class,4800,11891,0.4036666386342612
2017,First Class,3146,3146,1.0
2017,Same Day,606,1143,0.5301837270341208
2017,Second Class,3223,4045,0.7967861557478368
2017,Standard Class,4950,12576,0.39360687022900764
2018,First Class,321,321,1.0
2018,Same Day,50,112,0.44642857142857145
2018,Second Class,343,425,0.8070588235294117
2018,Standard Class,481,1179,0.4079728583545377
