order_month,total_orders,eligible_orders,late_orders,canceled_orders,complete_closed_orders,first_order,last_order,last_shipment,other_order_status_orders,other_status_share
2015-01-01,1787,1713,963,74,779,2015-01-01 00:00:00,2015-01-31 23:46:00,2015-02-06 22:22:00,1008,0.5640738668158926
2015-02-01,1585,1505,871,80,695,2015-02-01 00:49:00,2015-02-28 23:44:00,2015-03-06 23:02:00,890,0.5615141955835962
2015-03-01,1781,1702,978,79,778,2015-03-01 00:05:00,2015-03-31 23:52:00,2015-04-06 23:31:00,1003,0.5631667602470523
2015-04-01,1710,1639,927,71,761,2015-04-01 00:13:00,2015-04-30 23:49:00,2015-05-06 23:28:00,949,0.5549707602339181
2015-05-01,1776,1684,969,92,783,2015-05-01 00:10:00,2015-05-31 23:57:00,2015-06-06 23:57:00,993,0.5591216216216216
2015-06-01,1725,1651,941,74,769,2015-06-01 00:18:00,2015-06-30 23:55:00,2015-07-06 20:25:00,956,0.5542028985507247
2015-07-01,1763,1704,963,59,788,2015-07-01 00:37:00,2015-07-31 23:42:00,2015-08-06 19:08:00,975,0.553034600113443
2015-08-01,1762,1678,966,84,786,2015-08-01 00:03:00,2015-08-31 23:50:00,2015-09-06 23:08:00,976,0.5539160045402951
2015-09-01,1706,1634,951,72,769,2015-09-01 00:11:00,2015-09-30 23:26:00,2015-10-06 23:05:00,937,0.5492379835873388
2015-10-01,1775,1696,973,79,770,2015-10-01 00:08:00,2015-10-31 23:55:00,2015-11-06 23:34:00,1005,0.5661971830985916
2015-11-01,1729,1658,941,71,765,2015-11-01 00:16:00,2015-11-30 23:31:00,2015-12-06 23:31:00,964,0.5575477154424523
2015-12-01,1805,1731,988,74,771,2015-12-01 00:14:00,2015-12-31 23:39:00,2016-01-06 22:15:00,1034,0.5728531855955679
2016-01-01,1772,1703,998,69,759,2016-01-01 00:00:00,2016-01-31 23:47:00,2016-02-06 22:44:00,1013,0.5716704288939052
2016-02-01,1650,1574,893,76,709,2016-02-01 00:08:00,2016-02-29 23:55:00,2016-03-06 23:55:00,941,0.5703030303030303
2016-03-01,1764,1700,987,64,777,2016-03-01 00:16:00,2016-03-31 23:42:00,2016-04-06 20:54:00,987,0.5595238095238095
2016-04-01,1706,1630,925,76,751,2016-04-01 00:03:00,2016-04-30 23:19:00,2016-05-06 22:37:00,955,0.55978898007034
2016-05-01,1763,1675,971,88,785,2016-05-01 00:01:00,2016-05-31 23:48:00,2016-06-06 23:06:00,978,0.554736245036869
2016-06-01,1690,1617,968,73,759,2016-06-01 00:09:00,2016-06-30 23:45:00,2016-07-06 23:03:00,931,0.5508875739644971
2016-07-01,1758,1662,922,96,796,2016-07-01 00:06:00,2016-07-31 23:53:00,2016-08-06 16:32:00,962,0.5472127417519909
2016-08-01,1766,1698,983,68,781,2016-08-01 00:14:00,2016-08-31 23:40:00,2016-09-06 22:16:00,985,0.557757644394111
2016-09-01,1730,1664,949,66,777,2016-09-01 00:22:00,2016-09-30 23:58:00,2016-10-06 23:58:00,953,0.5508670520231214
2016-10-01,1776,1703,976,73,773,2016-10-01 00:19:00,2016-10-31 23:24:00,2016-11-06 22:42:00,1003,0.5647522522522522
2016-11-01,1721,1639,935,82,773,2016-11-01 00:27:00,2016-11-30 23:43:00,2016-12-06 22:40:00,948,0.5508425334108077
2016-12-01,1763,1690,990,73,787,2016-12-01 00:04:00,2016-12-31 23:51:00,2017-01-06 23:09:00,976,0.5536018150879183
2017-01-01,1745,1685,940,60,764,2017-01-01 00:33:00,2017-01-31 23:59:00,2017-02-06 23:38:00,981,0.5621776504297994
2017-02-01,1614,1538,879,76,730,2017-02-01 00:20:00,2017-02-28 23:56:00,2017-03-06 20:47:00,884,0.5477075588599752
2017-03-01,1782,1710,984,72,752,2017-03-01 00:17:00,2017-03-31 23:22:00,2017-04-06 23:01:00,1030,0.5780022446689114
2017-04-01,1739,1666,917,73,777,2017-04-01 00:04:00,2017-04-30 23:41:00,2017-05-06 22:59:00,962,0.5531914893617021
2017-05-01,1763,1672,965,91,777,2017-05-01 00:02:00,2017-05-31 23:49:00,2017-06-06 23:28:00,986,0.5592739648326716
2017-06-01,1676,1605,911,71,695,2017-06-01 00:10:00,2017-06-30 23:25:00,2017-07-06 23:25:00,981,0.5853221957040573
2017-07-01,1776,1693,966,83,733,2017-07-01 00:07:00,2017-07-31 23:54:00,2017-08-06 22:09:00,1043,0.5872747747747747
2017-08-01,1768,1695,981,73,772,2017-08-01 00:15:00,2017-08-31 23:41:00,2017-09-06 22:38:00,996,0.5633484162895928
2017-09-01,1723,1640,941,83,784,2017-09-01 00:02:00,2017-09-30 23:59:00,2017-10-06 22:35:00,939,0.5449796865931514
2017-10-01,2101,2019,1137,82,921,2017-10-01 00:20:00,2017-10-31 23:46:00,2017-11-06 23:04:00,1180,0.5616373155640171
2017-11-01,2055,1956,1132,99,925,2017-11-01 00:07:00,2017-11-30 23:44:00,2017-12-06 21:17:00,1130,0.5498783454987834
2017-12-01,2124,2031,1172,93,938,2017-12-01 00:05:00,2017-12-31 23:52:00,2018-01-06 21:45:00,1186,0.5583804143126178
2018-01-01,2123,2037,1195,86,956,2018-01-01 00:13:00,2018-01-31 23:38:00,2018-02-06 22:14:00,1167,0.5496938294865756
