order_month,shipping_mode,eligible_orders,mode_share
2015-01-01,First Class,227,0.13251605370694688
2015-01-01,Same Day,82,0.04786923525977817
2015-01-01,Second Class,344,0.20081727962638646
2015-01-01,Standard Class,1060,0.6187974314068885
2015-02-01,First Class,227,0.15083056478405316
2015-02-01,Same Day,87,0.05780730897009967
2015-02-01,Second Class,301,0.2
2015-02-01,Standard Class,890,0.5913621262458472
2015-03-01,First Class,281,0.16509988249118684
2015-03-01,Same Day,102,0.05992949471210341
2015-03-01,Second Class,327,0.19212690951821387
2015-03-01,Standard Class,992,0.5828437132784959
2015-04-01,First Class,220,0.1342281879194631
2015-04-01,Same Day,75,0.04575960951799878
2015-04-01,Second Class,326,0.19890176937156803
2015-04-01,Standard Class,1018,0.6211104331909701
2015-05-01,First Class,283,0.1680522565320665
2015-05-01,Same Day,88,0.052256532066508314
2015-05-01,Second Class,306,0.18171021377672208
2015-05-01,Standard Class,1007,0.5979809976247031
2015-06-01,First Class,230,0.13930950938824954
2015-06-01,Same Day,83,0.05027256208358571
2015-06-01,Second Class,324,0.19624470018170806
2015-06-01,Standard Class,1014,0.6141732283464567
2015-07-01,First Class,255,0.14964788732394366
2015-07-01,Same Day,113,0.06631455399061033
2015-07-01,Second Class,324,0.19014084507042253
2015-07-01,Standard Class,1012,0.5938967136150235
2015-08-01,First Class,281,0.16746126340882003
2015-08-01,Same Day,83,0.04946364719904649
2015-08-01,Second Class,353,0.21036948748510131
2015-08-01,Standard Class,961,0.5727056019070322
2015-09-01,First Class,249,0.15238678090575275
2015-09-01,Same Day,70,0.042839657282741736
2015-09-01,Second Class,315,0.19277845777233782
2015-09-01,Standard Class,1000,0.6119951040391677
2015-10-01,First Class,284,0.16745283018867924
2015-10-01,Same Day,88,0.05188679245283019
2015-10-01,Second Class,305,0.17983490566037735
2015-10-01,Standard Class,1019,0.6008254716981132
2015-11-01,First Class,243,0.146562123039807
2015-11-01,Same Day,87,0.05247285886610374
2015-11-01,Second Class,331,0.19963811821471653
2015-11-01,Standard Class,997,0.6013268998793727
2015-12-01,First Class,265,0.15309069901790873
2015-12-01,Same Day,108,0.06239168110918544
2015-12-01,Second Class,342,0.1975736568457539
2015-12-01,Standard Class,1016,0.5869439630271519
2016-01-01,First Class,252,0.1479741632413388
2016-01-01,Same Day,98,0.057545507927187316
2016-01-01,Second Class,352,0.20669406928948914
2016-01-01,Standard Class,1001,0.5877862595419847
2016-02-01,First Class,216,0.1372299872935197
2016-02-01,Same Day,79,0.05019059720457433
2016-02-01,Second Class,291,0.1848792884371029
2016-02-01,Standard Class,988,0.627700127064803
2016-03-01,First Class,278,0.1635294117647059
2016-03-01,Same Day,89,0.05235294117647059
2016-03-01,Second Class,323,0.19
2016-03-01,Standard Class,1010,0.5941176470588235
2016-04-01,First Class,248,0.1521472392638037
2016-04-01,Same Day,82,0.05030674846625767
2016-04-01,Second Class,333,0.20429447852760735
2016-04-01,Standard Class,967,0.5932515337423313
2016-05-01,First Class,261,0.15582089552238806
2016-05-01,Same Day,97,0.05791044776119403
2016-05-01,Second Class,338,0.2017910447761194
2016-05-01,Standard Class,979,0.5844776119402985
2016-06-01,First Class,241,0.14904143475572046
2016-06-01,Same Day,84,0.05194805194805195
2016-06-01,Second Class,350,0.21645021645021645
2016-06-01,Standard Class,942,0.5825602968460112
2016-07-01,First Class,264,0.1588447653429603
2016-07-01,Same Day,99,0.05956678700361011
2016-07-01,Second Class,291,0.17509025270758122
2016-07-01,Standard Class,1008,0.6064981949458483
2016-08-01,First Class,259,0.1525323910482921
2016-08-01,Same Day,85,0.05005889281507656
2016-08-01,Second Class,334,0.1967020023557126
2016-08-01,Standard Class,1020,0.6007067137809188
2016-09-01,First Class,265,0.15925480769230768
2016-09-01,Same Day,95,0.05709134615384615
2016-09-01,Second Class,308,0.18509615384615385
2016-09-01,Standard Class,996,0.5985576923076923
2016-10-01,First Class,274,0.1608925425719319
2016-10-01,Same Day,108,0.06341749853200235
2016-10-01,Second Class,333,0.19553728714034058
2016-10-01,Standard Class,988,0.5801526717557252
2016-11-01,First Class,238,0.1452104942037828
2016-11-01,Same Day,83,0.05064063453325198
2016-11-01,Second Class,330,0.20134228187919462
2016-11-01,Standard Class,988,0.6028065893837706
2016-12-01,First Class,294,0.1739644970414201
2016-12-01,Same Day,87,0.051479289940828406
2016-12-01,Second Class,305,0.1804733727810651
2016-12-01,Standard Class,1004,0.5940828402366863
2017-01-01,First Class,222,0.13175074183976263
2017-01-01,Same Day,86,0.05103857566765579
2017-01-01,Second Class,317,0.18813056379821957
2017-01-01,Standard Class,1060,0.629080118694362
2017-02-01,First Class,233,0.15149544863459039
2017-02-01,Same Day,96,0.06241872561768531
2017-02-01,Second Class,305,0.19830949284785435
2017-02-01,Standard Class,904,0.58777633289987
2017-03-01,First Class,282,0.1649122807017544
2017-03-01,Same Day,94,0.05497076023391813
2017-03-01,Second Class,323,0.18888888888888888
2017-03-01,Standard Class,1011,0.5912280701754385
2017-04-01,First Class,235,0.14105642256902762
2017-04-01,Same Day,77,0.046218487394957986
2017-04-01,Second Class,334,0.20048019207683074
2017-04-01,Standard Class,1020,0.6122448979591837
2017-05-01,First Class,286,0.17105263157894737
2017-05-01,Same Day,93,0.05562200956937799
2017-05-01,Second Class,310,0.1854066985645933
2017-05-01,Standard Class,983,0.5879186602870813
2017-06-01,First Class,235,0.14641744548286603
2017-06-01,Same Day,78,0.048598130841121495
2017-06-01,Second Class,295,0.1838006230529595
2017-06-01,Standard Class,997,0.621183800623053
2017-07-01,First Class,243,0.14353219137625517
2017-07-01,Same Day,114,0.06733608978145304
2017-07-01,Second Class,335,0.19787359716479622
2017-07-01,Standard Class,1001,0.5912581216774956
2017-08-01,First Class,262,0.15457227138643068
2017-08-01,Same Day,87,0.05132743362831858
2017-08-01,Second Class,349,0.20589970501474927
2017-08-01,Standard Class,997,0.5882005899705015
2017-09-01,First Class,236,0.14390243902439023
2017-09-01,Same Day,88,0.05365853658536585
2017-09-01,Second Class,320,0.1951219512195122
2017-09-01,Standard Class,996,0.6073170731707317
2017-10-01,First Class,328,0.16245666171371967
2017-10-01,Same Day,106,0.05250123823675087
2017-10-01,Second Class,359,0.17781079742446756
2017-10-01,Standard Class,1226,0.6072313026250619
2017-11-01,First Class,294,0.15030674846625766
2017-11-01,Same Day,98,0.050102249488752554
2017-11-01,Second Class,391,0.19989775051124745
2017-11-01,Standard Class,1173,0.5996932515337423
2017-12-01,First Class,290,0.14278680452978829
2017-12-01,Same Day,126,0.0620384047267356
2017-12-01,Second Class,407,0.20039389463318563
2017-12-01,Standard Class,1208,0.5947808961102905
2018-01-01,First Class,321,0.15758468335787923
2018-01-01,Same Day,112,0.054982817869415807
2018-01-01,Second Class,425,0.20864015709376535
2018-01-01,Standard Class,1179,0.5787923416789397
