market,order_month,eligible_orders,late_orders,late_rate,late_rate_ci_low,late_rate_ci_high
Africa,2016-08-01,157,88,0.5605095541401274,0.48141435478078703,0.6367143922432074
Africa,2016-09-01,836,460,0.5502392344497608,0.5162867928141771,0.5837320846986725
Africa,2016-10-01,752,413,0.5492021276595744,0.513388359955363,0.5845157694575152
Africa,2016-11-01,761,437,0.5742444152431012,0.5387390296464345,0.6090040074193572
Africa,2016-12-01,788,482,0.6116751269035533,0.5771005090641692,0.6451662061216212
Africa,2017-01-01,395,206,0.5215189873417722,0.4720487279667481,0.5705747245957465
Europe,2015-05-01,40,25,0.625,0.4635812568019799,0.7645133428986983
Europe,2015-06-01,1651,941,0.5699576014536645,0.545913709511424,0.5936767018652765
Europe,2015-07-01,1704,963,0.5651408450704225,0.541456061693622,0.5885325850003728
Europe,2015-08-01,1678,966,0.5756853396901073,0.5518641454790513,0.5991607913054805
Europe,2015-09-01,1634,951,0.5820073439412484,0.557899212248984,0.605730789029021
Europe,2015-10-01,1258,728,0.5786963434022258,0.5511702840131233,0.6057432478857644
Europe,2016-08-01,40,18,0.45,0.3001408011884066,0.6086213589313221
Europe,2016-09-01,277,173,0.6245487364620939,0.565793939313456,0.6798962813888004
Europe,2016-10-01,301,178,0.5913621262458472,0.534664492507516,0.6457571608094977
Europe,2016-11-01,310,173,0.5580645161290323,0.5020665201124285,0.6126410782248829
Europe,2016-12-01,297,165,0.5555555555555556,0.4983294359303921,0.6113628921461994
Europe,2017-01-01,183,110,0.6010928961748634,0.5280371342085249,0.6699917199523052
Europe,2017-06-01,699,403,0.5765379113018598,0.5394877069628258,0.6127514625641634
Europe,2017-07-01,1693,966,0.570584760779681,0.5468457999629606,0.5940041296268699
Europe,2017-08-01,1695,981,0.5787610619469027,0.555076375229961,0.602089556066151
Europe,2017-09-01,1640,941,0.573780487804878,0.5496734254502386,0.5975427179931886
Europe,2017-10-01,2019,1137,0.563150074294205,0.5413947550388204,0.5846655443919929
Europe,2017-11-01,644,380,0.5900621118012422,0.5515392202124887,0.6275169337594444
LATAM,2015-01-01,1713,963,0.5621716287215411,0.5385381678070785,0.5855268697103114
LATAM,2015-02-01,1505,871,0.5787375415282392,0.553590493256001,0.603483663617471
LATAM,2015-03-01,1702,978,0.5746180963572268,0.5509613808695142,0.597938740350191
LATAM,2015-04-01,1639,927,0.565588773642465,0.5414377739056228,0.5894330407098892
LATAM,2015-05-01,1644,944,0.5742092457420924,0.5501338332374617,0.5979386640855653
LATAM,2017-01-01,719,403,0.5605006954102921,0.5238991138644208,0.5964592288099734
LATAM,2017-02-01,1538,879,0.5715214564369311,0.5466111033386578,0.5960754217521067
LATAM,2017-03-01,1710,984,0.5754385964912281,0.551841726808392,0.5986972852292393
LATAM,2017-04-01,1666,917,0.5504201680672269,0.5264169186124025,0.5741914350205516
LATAM,2017-05-01,1672,965,0.5771531100478469,0.5532963923121323,0.6006561183159058
LATAM,2017-06-01,906,508,0.5607064017660044,0.5281322091911517,0.5927679750481752
Pacific Asia,2015-10-01,438,245,0.5593607305936074,0.5123475638788237,0.6053417089630497
Pacific Asia,2015-11-01,1658,941,0.5675512665862484,0.5435480474441239,0.591242187094229
Pacific Asia,2015-12-01,1731,988,0.5707683419988446,0.5472939672352626,0.5939293121337614
Pacific Asia,2016-01-01,1703,998,0.5860246623605402,0.5624372487072571,0.6092248576271191
Pacific Asia,2016-02-01,1574,893,0.5673443456162643,0.542703845641489,0.5916569285762532
Pacific Asia,2016-03-01,1700,987,0.5805882352941176,0.5569485353407088,0.6038645488705697
Pacific Asia,2016-04-01,47,29,0.6170212765957447,0.46890054597079256,0.7474583126291231
Pacific Asia,2016-08-01,140,80,0.5714285714285714,0.4875240847113199,0.6515178866644781
Pacific Asia,2016-09-01,496,281,0.5665322580645161,0.5224067205195267,0.6096351476274607
Pacific Asia,2016-10-01,595,362,0.6084033613445378,0.5684820133540834,0.6469339337215269
Pacific Asia,2016-11-01,503,285,0.5666003976143141,0.5227867826087135,0.609404455566423
Pacific Asia,2016-12-01,538,309,0.5743494423791822,0.5320386731596227,0.6156059906025748
Pacific Asia,2017-01-01,350,203,0.58,0.5274167098997699,0.6308462595856049
Pacific Asia,2017-11-01,1312,752,0.573170731707317,0.5461923087601462,0.5997219263575687
Pacific Asia,2017-12-01,2031,1172,0.5770556376169375,0.5554242679504227,0.5983960695717945
Pacific Asia,2018-01-01,2037,1195,0.586647029945999,0.5650986914383743,0.6078691784930715
USCA,2016-04-01,1583,896,0.5660138976626659,0.5414384327069218,0.590269746984403
USCA,2016-05-01,1675,971,0.5797014925373134,0.5558798140092344,0.6031584314410267
USCA,2016-06-01,1617,968,0.5986394557823129,0.5745130479835929,0.622298304702376
USCA,2016-07-01,1662,922,0.5547533092659447,0.530733041673316,0.578521052728227
USCA,2016-08-01,1361,797,0.585598824393828,0.5591852270690971,0.6115305718203403
USCA,2016-09-01,55,35,0.6363636363636364,0.4999966409689034,0.7549256587264366
USCA,2016-10-01,55,23,0.41818181818181815,0.2930467018374192,0.5539999183453767
USCA,2016-11-01,65,40,0.6153846153846154,0.4904895639798461,0.727402390330264
USCA,2016-12-01,67,34,0.5074626865671642,0.38734677120356875,0.6267692565667105
USCA,2017-01-01,38,18,0.47368421052631576,0.3173262846244894,0.6348742347558043
