order_month,eligible_orders,late_orders,late_rate,late_rate_ci_low,late_rate_ci_high,change_vs_prior_month_pp,change_vs_prior_year_pp,rolling_3m_eligible,rolling_3m_late,rolling_3m_rate,low_volume
2015-01-01,1713,963,0.5621716287215411,0.5385381678070785,0.5855268697103114,,,1713.0,963.0,0.5621716287215411,False
2015-02-01,1505,871,0.5787375415282392,0.553590493256001,0.603483663617471,1.6565912806698058,,3218.0,1834.0,0.5699192044748291,False
2015-03-01,1702,978,0.5746180963572268,0.5509613808695142,0.597938740350191,-0.41194451710123703,,4920.0,2812.0,0.5715447154471545,False
2015-04-01,1639,927,0.565588773642465,0.5414377739056228,0.5894330407098892,-0.9029322714761867,,4846.0,2776.0,0.5728435823359471,False
2015-05-01,1684,969,0.5754156769596199,0.5516359155282993,0.5988521523364818,0.9826903317154967,,5025.0,2874.0,0.5719402985074626,False
2015-06-01,1651,941,0.5699576014536645,0.545913709511424,0.5936767018652765,-0.5458075505955451,,4974.0,2837.0,0.5703659026940089,False
2015-07-01,1704,963,0.5651408450704225,0.541456061693622,0.5885325850003728,-0.48167563832419713,,5039.0,2873.0,0.5701528080968447,False
2015-08-01,1678,966,0.5756853396901073,0.5518641454790513,0.5991607913054805,1.0544494619684763,,5033.0,2870.0,0.5702364394993046,False
2015-09-01,1634,951,0.5820073439412484,0.557899212248984,0.605730789029021,0.6322004251141156,,5016.0,2880.0,0.5741626794258373,False
2015-10-01,1696,973,0.5737028301886793,0.5499995580468833,0.5970729813965561,-0.8304513752569131,,5008.0,2890.0,0.577076677316294,False
2015-11-01,1658,941,0.5675512665862484,0.5435480474441239,0.591242187094229,-0.6151563602430854,,4988.0,2865.0,0.5743785084202085,False
2015-12-01,1731,988,0.5707683419988446,0.5472939672352626,0.5939293121337614,0.3217075412596193,,5085.0,2902.0,0.5706981317600787,False
2016-01-01,1703,998,0.5860246623605402,0.5624372487072571,0.6092248576271191,1.5256320361695552,2.3853033638999044,5092.0,2927.0,0.5748232521602514,False
2016-02-01,1574,893,0.5673443456162643,0.542703845641489,0.5916569285762532,-1.8680316744275838,-1.1393195911974852,5008.0,2879.0,0.5748801916932907,False
2016-03-01,1700,987,0.5805882352941176,0.5569485353407088,0.6038645488705697,1.3243889677853282,0.5970138936890801,4977.0,2878.0,0.578259995981515,False
2016-04-01,1630,925,0.5674846625766872,0.5432745262203954,0.5913774614692767,-1.3103572717430456,0.18958889342222118,4904.0,2805.0,0.5719820554649266,False
2016-05-01,1675,971,0.5797014925373134,0.5558798140092344,0.6031584314410267,1.221682996062623,0.4285815577693475,5005.0,2883.0,0.576023976023976,False
2016-06-01,1617,968,0.5986394557823129,0.5745130479835929,0.622298304702376,1.8937963244999523,2.868185432864845,4922.0,2864.0,0.5818772856562373,False
2016-07-01,1662,922,0.5547533092659447,0.530733041673316,0.578521052728227,-4.388614651636824,-1.038753580447782,4954.0,2861.0,0.577513120710537,False
2016-08-01,1698,983,0.5789163722025913,0.555253601623987,0.6022228769345462,2.4163062936646607,0.3231032512484022,4977.0,2873.0,0.5772553747237291,False
2016-09-01,1664,949,0.5703125,0.5463649408916378,0.5939361643257957,-0.860387220259129,-1.1694843941248423,5024.0,2854.0,0.5680732484076433,False
2016-10-01,1703,976,0.5731062830299471,0.5494492659092718,0.5964342306001469,0.279378302994715,-0.05965471587321414,5065.0,2908.0,0.5741362290227049,False
2016-11-01,1639,935,0.5704697986577181,0.5463397622783079,0.5942702757504512,-0.26364843722290754,0.2918532071469637,5006.0,2860.0,0.5713144226927687,False
2016-12-01,1690,990,0.5857988165680473,0.5621187454731715,0.60908972181863,1.5329017910329257,1.50304745692027,5032.0,2901.0,0.576510333863275,False
2017-01-01,1685,940,0.5578635014836796,0.534018311168451,0.5814454577848333,-2.793531508436775,-2.8161160876860603,5014.0,2865.0,0.5714000797766254,False
2017-02-01,1538,879,0.5715214564369311,0.5466111033386578,0.5960754217521067,1.3657954953251505,0.41771108206667407,4913.0,2809.0,0.571748422552412,False
2017-03-01,1710,984,0.5754385964912281,0.551841726808392,0.5986972852292393,0.3917140054296997,-0.5149638802889545,4933.0,2803.0,0.5682140685181432,False
2017-04-01,1666,917,0.5504201680672269,0.5264169186124025,0.5741914350205516,-2.501842842400115,-1.7064494509460237,4914.0,2780.0,0.5657305657305657,False
2017-05-01,1672,965,0.5771531100478469,0.5532963923121323,0.6006561183159058,2.673294198061993,-0.25483824894665386,5048.0,2866.0,0.5677496038034865,False
2017-06-01,1605,911,0.567601246105919,0.5432025403931974,0.5916771264691075,-0.9551863941927863,-3.1038209676393924,4943.0,2793.0,0.5650414727898038,False
2017-07-01,1693,966,0.570584760779681,0.5468457999629606,0.5940041296268699,0.2983514673762011,1.5831451513736328,4970.0,2842.0,0.571830985915493,False
2017-08-01,1695,981,0.5787610619469027,0.555076375229961,0.602089556066151,0.8176301167221678,-0.015531025568860102,4993.0,2858.0,0.5724013619066693,False
2017-09-01,1640,941,0.573780487804878,0.5496734254502386,0.5975427179931886,-0.4980574142024685,0.34679878048780033,5028.0,2888.0,0.5743834526650756,False
2017-10-01,2019,1137,0.563150074294205,0.5413947550388204,0.5846655443919929,-1.0630413510672954,-0.99562087357421,5354.0,3059.0,0.5713485244676877,False
2017-11-01,1956,1132,0.5787321063394683,0.5566955103815063,0.6004600588171034,1.5582032045263206,0.8262307681750181,5615.0,3210.0,0.5716829919857525,False
2017-12-01,2031,1172,0.5770556376169375,0.5554242679504227,0.5983960695717945,-0.16764687225307995,-0.8743178951109876,6006.0,3441.0,0.5729270729270729,False
2018-01-01,2037,1195,0.586647029945999,0.5650986914383743,0.6078691784930715,0.9591392329061588,2.8783528462319463,6024.0,3499.0,0.5808432934926959,False
