order_quarter,eligible_orders,late_orders,late_rate,late_rate_ci_low,late_rate_ci_high,low_volume
2015Q1,4920,2812,0.5715447154471545,0.5576612938496894,0.5853165022243163,False
2015Q2,4974,2837,0.5703659026940089,0.5565545689093417,0.5840686320886744,False
2015Q3,5016,2880,0.5741626794258373,0.5604219468622901,0.5877899052655632,False
2015Q4,5085,2902,0.5706981317600787,0.5570400130635068,0.5842495134069491,False
2016Q1,4977,2878,0.578259995981515,0.5644796906871847,0.5919195857082624,False
2016Q2,4922,2864,0.5818772856562373,0.568033422891409,0.5955934430436887,False
2016Q3,5024,2854,0.5680732484076433,0.5543239801094574,0.581718495692959,False
2016Q4,5032,2901,0.576510333863275,0.5627996423043254,0.5901042976422511,False
2017Q1,4933,2803,0.5682140685181432,0.5543385096481098,0.5819834698227005,False
2017Q2,4943,2793,0.5650414727898038,0.5511705916210264,0.5788113383341916,False
2017Q3,5028,2888,0.5743834526650756,0.5606599422109177,0.5879933899978653,False
2017Q4,6006,3441,0.5729270729270729,0.5603704056875672,0.5853905109692753,False
2018Q1,2037,1195,0.586647029945999,0.5650986914383743,0.6078691784930715,False
