region,sum,count,late_rate,mode_standardized_rate,modes_present,smallest_mode_orders
Canada,153,291,0.5257731958762887,0.5136154611150613,4,11
Caribbean,1487,2675,0.5558878504672897,0.5610186949787814,4,147
Central Africa,320,533,0.600375234521576,0.597619777246285,4,29
Central America,5156,9001,0.5728252416398179,0.5727446773123142,4,470
Central Asia,102,180,0.5666666666666667,0.585429530540178,4,16
East Africa,348,589,0.5908319185059423,0.587307144864575,4,35
East of USA,1276,2219,0.5750337990085624,0.5770301711890233,4,132
Eastern Asia,1818,3171,0.5733207190160833,0.5789766142324667,4,172
Eastern Europe,723,1246,0.5802568218298555,0.5702601599817092,4,54
North Africa,578,1013,0.5705824284304047,0.5728946530718393,4,65
Northern Europe,1996,3564,0.5600448933782267,0.5635991300625632,4,200
Oceania,2382,4175,0.5705389221556886,0.5767371962291892,4,266
South America,2696,4738,0.5690164626424652,0.5710548823467514,4,253
South Asia,1865,3219,0.5793724759242,0.5710585027324071,4,171
South of  USA,753,1280,0.58828125,0.585246511150901,4,79
Southeast Asia,2421,4173,0.5801581595974119,0.5785932823697212,4,197
Southern Africa,214,380,0.5631578947368421,0.5764716169947318,4,20
Southern Europe,1895,3390,0.5589970501474927,0.5627558464168784,4,197
US Center,1071,1852,0.57829373650108,0.5650379993719059,4,90
West Africa,626,1174,0.5332197614991482,0.5542295451601625,4,74
West Asia,1132,1935,0.5850129198966408,0.5763068611372901,4,96
West of USA,1451,2536,0.5721608832807571,0.5733724487095383,4,135
Western Europe,5585,9563,0.584021750496706,0.5802522398079415,4,498
