region,order_year,eligible_orders,late_orders,late_rate,late_rate_ci_low,late_rate_ci_high,late_order_share,pp_vs_filtered_overall,low_volume
Canada,2016,253,135,0.5335968379446641,0.47162056441951217,0.5945681267600844,0.003745006657789614,-3.953065621245,False
Canada,2017,38,18,0.47368421052631576,0.3173262846244894,0.6348742347558043,0.0004993342210386152,-9.94432836307983,True
Caribbean,2015,1351,760,0.5625462620281273,0.5359158930776815,0.588821949051171,0.02108300044385264,-1.0581232128986762,False
Caribbean,2017,1324,727,0.5490936555891238,0.5221490472270056,0.5757542070631998,0.020167554371948514,-2.403383856799024,False
Central Africa,2016,487,293,0.6016427104722792,0.5573599144688985,0.6443345394548989,0.008128051486906348,2.851521631516518,False
Central Africa,2017,46,27,0.5869565217391305,0.43779498125460403,0.7227139642957299,0.0007490013315579227,1.3829027582016429,True
Central America,2015,4463,2560,0.5736051982971095,0.5590324374157152,0.5880513590558651,0.07101642254771416,0.04777041399954829,False
Central America,2017,4538,2596,0.5720581754076686,0.5576015483677692,0.5863929098117142,0.07201509098979139,-0.10693187494454914,False
Central Asia,2016,156,85,0.5448717948717948,0.46564101583126416,0.6219457723730702,0.0023579671549045717,-2.8255699285319236,False
Central Asia,2017,24,17,0.7083333333333334,0.4951251629441899,0.8640514184412351,0.00047159343098091434,13.52058391762193,True
East Africa,2016,522,313,0.5996168582375478,0.5568500410641168,0.6409282022741718,0.008682867288060364,2.6489364080433786,False
East Africa,2017,67,35,0.5223880597014925,0.401563749200045,0.6407843341107922,0.0009709276520195295,-5.073943445562157,True
East of USA,2016,2219,1276,0.5750337990085624,0.5543356584596388,0.59547259650096,0.035397248113626274,0.19063048514483816,False
Eastern Asia,2015,936,522,0.5576923076923077,0.5256378516486716,0.589275146694174,0.01448069241011984,-1.543518646480635,False
Eastern Asia,2016,980,568,0.5795918367346938,0.5483742839291688,0.6101878488223755,0.01575676875277408,0.6464342577579774,False
Eastern Asia,2017,825,468,0.5672727272727273,0.5331511240927117,0.6007707482010981,0.012982689747003996,-0.5854766884386797,False
Eastern Asia,2018,430,260,0.6046511627906976,0.5575029652019672,0.6499460882947776,0.00721260541500222,3.152366863358358,False
Eastern Europe,2016,1095,633,0.5780821917808219,0.5485563361308332,0.6070621096670907,0.017559920106524633,0.49546976237078155,False
Eastern Europe,2017,151,90,0.5960264900662252,0.5153417735871392,0.6719465677968174,0.002496671105193076,2.2898995909111153,False
North Africa,2016,905,520,0.574585635359116,0.5420576039183859,0.6064831549673003,0.01442521083000444,0.1458141202001939,False
North Africa,2017,108,58,0.5370370370370371,0.4417162546167277,0.6298135705872312,0.0016089658233466489,-3.609045712007697,False
Northern Europe,2015,1732,968,0.558891454965358,0.5353772034682998,0.5821450500551266,0.026853084775854415,-1.423603919175609,False
Northern Europe,2016,33,21,0.6363636363636364,0.45733281677499993,0.7869571838952405,0.0005825565912117177,6.32361422065223,True
Northern Europe,2017,1799,1007,0.5597554196775987,0.5366885185496242,0.5825676694795991,0.02793497558810475,-1.3372074479515383,False
Oceania,2015,977,538,0.5506653019447287,0.5192752132219408,0.5816585300550122,0.014924545051043054,-2.2462192212385323,False
Oceania,2016,1831,1052,0.5745494265428728,0.5517467745250317,0.5970399223787242,0.029183311140701287,0.14219323857587174,False
Oceania,2017,843,477,0.5658362989323843,0.5320778125554275,0.598997489490575,0.013232356857523303,-0.7291195224729763,False
Oceania,2018,524,315,0.601145038167939,0.5584768001922565,0.6423410746234613,0.008738348868175766,2.80175440108249,False
South America,2015,2389,1363,0.5705316031812474,0.5505687357705374,0.5902680082426198,0.03781069684864625,-0.2595890975866655,False
South America,2017,2349,1333,0.56747552149851,0.5473302292730106,0.5874004806146368,0.03697847314691522,-0.5651972658604065,False
South Asia,2015,731,426,0.5827633378932968,0.5465821102222183,0.6180792579512461,0.01181757656458056,0.9635843736182759,False
South Asia,2016,1348,788,0.5845697329376854,0.5580213722108797,0.6106374586840541,0.021859742565468264,1.1442238780571379,False
South Asia,2017,685,396,0.5781021897810219,0.5406804957148578,0.6146527796416886,0.010985352862849533,0.4974695623907843,False
South Asia,2018,455,255,0.5604395604395604,0.5143253441106131,0.6055417667240529,0.007073901464713715,-1.2687933717553612,False
South of  USA,2016,1280,753,0.58828125,0.5610548045030705,0.6149793922797613,0.020888814913448735,1.5153755842885919,False
Southeast Asia,2015,1183,688,0.5815722738799662,0.5531965547006883,0.6094199418546096,0.01908566355969818,0.844477972285218,False
Southeast Asia,2016,1317,760,0.5770690964312832,0.5501629032740631,0.6035270029931488,0.02108300044385264,0.3941602274169176,False
Southeast Asia,2017,1045,608,0.5818181818181818,0.5516104704144962,0.6114265630302633,0.016866400355082113,0.8690687661067731,False
Southeast Asia,2018,628,365,0.5812101910828026,0.5421269908628924,0.6193059106601871,0.010125388371060808,0.8082696925688526,False
Southern Africa,2016,346,197,0.569364161849711,0.5164221553557433,0.6207828521976972,0.005464935641367066,-0.3763332307403111,False
Southern Africa,2017,34,17,0.5,0.3319344748605534,0.6680655251394466,0.00047159343098091434,-7.312749415711406,True
Southern Europe,2015,1617,889,0.5497835497835498,0.5254159493363916,0.5739151722386587,0.02466156236129605,-2.334394437356424,False
Southern Europe,2016,50,29,0.58,0.4373591081596452,0.7112252759790173,0.0008044829116733244,0.6872505842885901,True
Southern Europe,2017,1723,977,0.567034242600116,0.5434889002194823,0.5902813418719695,0.027102751886373722,-0.6093251556998025,False
US Center,2016,1852,1071,0.57829373650108,0.5556401871620674,0.6006231609928351,0.029710386151797604,0.5166242343965899,False
West Africa,2016,1034,557,0.5386847195357833,0.5081565553208902,0.5689265090721092,0.01545162006213937,-3.444277462133072,False
West Africa,2017,140,69,0.4928571428571429,0.41023253249009317,0.5758632703723271,0.001914114513981358,-8.027035129997117,False
West Asia,2016,1664,971,0.5835336538461539,0.5596543289611294,0.6070281806561634,0.02693630714602752,1.0406159689039796,False
West Asia,2017,271,161,0.5940959409594095,0.5342997548574736,0.6512617692984298,0.004466267199289836,2.096844680229548,False
West of USA,2016,2536,1451,0.5721608832807571,0.5527951338917012,0.5913083489177897,0.04025188637372392,-0.09666108763569659,False
Western Europe,2015,4616,2717,0.5886048526863085,0.5743352891745922,0.6027270640016594,0.07537172658677319,1.5477358529194407,False
Western Europe,2016,47,24,0.5106382978723404,0.3669193422070741,0.6527496449383726,0.0006657789613848203,-6.248919628477367,True
Western Europe,2017,4900,2844,0.5804081632653061,0.5665275042735849,0.5941628456525121,0.0788948069241012,0.7280669108192028,False
